{
  "database": {
    "rules": "database.rules.json"
  },
  "firestore": {
    "rules": "firestore.rules",
    "indexes": "firestore.indexes.json"
  },
  "functions": [
    {
      "source": "functions",
      "codebase": "default",
      "ignore": [
        "node_modules",
        ".git",
        "firebase-debug.log",
        "firebase-debug.*.log"
      ],
      "predeploy": [
        "npm --prefix \"$RESOURCE_DIR\" run lint"
      ]
    }
  ],
  "storage": {
    "rules": "storage.rules"
  }
}
