{
  "indexes": [
    {
      "collectionGroup": "recipes",
      "queryScope": "COLLECTION",
      "fields": [
        {
          "fieldPath": "name",
          "order": "ASCENDING"
        },
        {
          "fieldPath": "author",
          "order": "ASCENDING"
        },
        {
          "fieldPath": "recipeImage",
          "order": "ASCENDING"
        },
        {
          "fieldPath": "title",
          "order": "ASCENDING"
        },
        {
          "fieldPath": "description",
          "order": "ASCENDING"
        },
        {
          "fieldPath": "instructions",
          "order": "ASCENDING"
        },
        {
          "fieldPath": "ingredients",
          "order": "ASCENDING"
        },
        {
          "fieldPath": "date",
          "order": "ASCENDING"
        },
        {
          "fieldPath": "userId",
          "order": "ASCENDING"
        }
      ]
    },
    {
      "collectionGroup": "recipes",
      "queryScope": "COLLECTION",
      "fields": [
        {
          "fieldPath": "startAfter",
          "order": "ASCENDING"
        },
        {
          "fieldPath": "orderBy",
          "order": "ASCENDING"
        }
      ]
    },
    {
      "collectionGroup": "users",
      "queryScope": "COLLECTION",
      "fields": [
        {
          "fieldPath": "activity",
          "arrayConfig": "CONTAINS"
        },
        {
          "fieldPath": "date",
          "order": "ASCENDING"
        },
        {
          "fieldPath": "recipeName",
          "order": "ASCENDING"
        },
        {
          "fieldPath": "author",
          "order": "ASCENDING"
        },
        {
          "fieldPath": "creatorPhoto",
          "order": "ASCENDING"
        },
        {
          "fieldPath": "category",
          "order": "ASCENDING"
        },
        {
          "fieldPath": "updatedAt",
          "order": "ASCENDING"
        },
        {
          "fieldPath": "message",
          "order": "ASCENDING"
        },
        {
          "fieldPath": "like",
          "order": "ASCENDING"
        },
        {
          "fieldPath": "comment",
          "order": "ASCENDING"
        }
      ]
    },
    {
      "collectionGroup": "users",
      "queryScope": "COLLECTION",
      "fields": [
        {
          "fieldPath": "createdAt",
          "order": "ASCENDING"
        },
        {
          "fieldPath": "displayName",
          "order": "ASCENDING"
        },
        {
          "fieldPath": "email",
          "order": "ASCENDING"
        },
        {
          "fieldPath": "imageURL",
          "order": "ASCENDING"
        },
        {
          "fieldPath": "photoURL",
          "order": "ASCENDING"
        },
        {
          "fieldPath": "userId",
          "order": "ASCENDING"
        },
        {
          "fieldPath": "date",
          "order": "ASCENDING"
        },
        {
          "fieldPath": "activity.date",
          "order": "ASCENDING"
        },
        {
          "fieldPath": "activity.recipeId",
          "order": "ASCENDING"
        },
        {
          "fieldPath": "activity.recipeName",
          "order": "ASCENDING"
        }
      ]
    },
    {
      "collectionGroup": "users",
      "queryScope": "COLLECTION",
      "fields": [
        {
          "fieldPath": "like",
          "order": "ASCENDING"
        },
        {
          "fieldPath": "rating",
          "order": "ASCENDING"
        },
        {
          "fieldPath": "authorId",
          "order": "ASCENDING"
        },
        {
          "fieldPath": "recipeId",
          "order": "ASCENDING"
        }
      ]
    }
  ],
  "fieldOverrides": []
}
